file,wallet
185.25.51.173-20200622.json,12ccnkcqwzAXp58YePMVTMT3uiFpLj9DTt
185.25.51.173-20200622.json,1LVMwgkLPLjcXf7WCzzw5uKeKQVY4Wps6d
185.25.51.173-20200622.json,357zP9BK283XnnGGGHgHRFVQ6JwJnujJTu
185.25.51.173-20200622.json,3FP2GdkDZ93qfyBQUo6QS8VxH1bnMXz7Rp
185.25.51.173-20200622.json,1LVMwgkLPLjcXf7WCzzw5uKeKQVY4Wps6d
185.25.51.173-20200622.json,1LVMwgkLPLjcXf7WCzzw5uKeKQVY4Wps6d
185.25.51.173-20200622.json,1LVMwgkLPLjcXf7WCzzw5uKeKQVY4Wps6d
185.25.51.173-20200622.json,1LVMwgkLPLjcXf7WCzzw5uKeKQVY4Wps6d
185.25.51.173-20200622.json,1Kgn5APNfPCmifErbocfK37XPUR2jj4VJd
185.25.51.173-20200622.json,1QFK5dZVGfHziccbf7b9UGp4kqZ2hvjAtQ
185.25.51.173-20200622.json,1QFK5dZVGfHziccbf7b9UGp4kqZ2hvjAtQ
185.25.51.173-20200622.json,3ELM1G61N68phao6NMTH7eA7xcJhnHLeBy
185.25.51.173-20200623.json,1QFK5dZVGfHziccbf7b9UGp4kqZ2hvjAtQ
185.25.51.173-20200623.json,357zP9BK283XnnGGGHgHRFVQ6JwJnujJTu
185.25.51.173-20200623.json,3FP2GdkDZ93qfyBQUo6QS8VxH1bnMXz7Rp
185.25.51.173-20200623.json,3L4R1mmGfFjC8Ym7zh6TER63QLzqSdDELC
185.25.51.173-20200623.json,3PhMXuhqrHfye1sLENdXkzZ1mFFygq6a1o
185.25.51.173-20200623.json,3L4R1mmGfFjC8Ym7zh6TER63QLzqSdDELC
185.25.51.173-20200624.json,1GXeMVJZhbMRRrvj4HWg7PC2hZV8uhF2Gy
185.25.51.173-20200624.json,357zP9BK283XnnGGGHgHRFVQ6JwJnujJTu
185.25.51.173-20200624.json,3JhRe1sQg22oZNd1QALHANmMHqfJxuUPRV
185.25.51.173-20200624.json,1GXeMVJZhbMRRrvj4HWg7PC2hZV8uhF2Gy
185.25.51.173-20200624.json,1GXeMVJZhbMRRrvj4HWg7PC2hZV8uhF2Gy
185.25.51.173-20200624.json,3AY9ervLFVAe1pdsxX6idmPs4TbdLYF7vY
185.25.51.173-20200624.json,3N7efz6ovr8tXP6M8bzQiaDJseTmKu9TGU
185.25.51.173-20200625.json,3LX8UL94jJc5BFQ6c5RSyFzkVKPCmcui4X
185.25.51.173-20200625.json,1Nna7UP5LdzGoiYJrt946mx9z9AXp6Q2rS
185.25.51.173-20200625.json,3JxtEwqwpxP9mDcp8AxByLgBvvzXhWmQjk
185.25.51.173-20200625.json,3MRynF2B2NUdxG3ESbuJ1h5JKG6pLSthQN
185.25.51.173-20200625.json,1BNPQ1QU8EUcZ7FdLHG72W3h5CnPYTKgVj
185.25.51.173-20200626.json,1BNPQ1QU8EUcZ7FdLHG72W3h5CnPYTKgVj
185.25.51.173-20200626.json,1BNPQ1QU8EUcZ7FdLHG72W3h5CnPYTKgVj
185.25.51.173-20200626.json,37CTB2iHPo7dYAH7xmx64BX21PQTrtFE5s
185.25.51.173-20200626.json,1BNPQ1QU8EUcZ7FdLHG72W3h5CnPYTKgVj
185.25.51.173-20200626.json,37ksH1Hyv6JsWd2R8c7Vynvey8Zvo1qZmN
185.25.51.173-20200626.json,1GW8NtoNdResP5dV6pMYDu9gBmQaxZ1Kmb
185.25.51.173-20200626.json,1GW8NtoNdResP5dV6pMYDu9gBmQaxZ1Kmb
185.25.51.173-20200626.json,1GW8NtoNdResP5dV6pMYDu9gBmQaxZ1Kmb
185.25.51.173-20200629.json,19EtWPotqs8Tnkt1oaWBNxZJYGkfN9TVn5
185.25.51.173-20200630.json,1N83ztMmMiXVtw4V7o6btiLP7CLWVFdi2X
185.25.51.173-20200630.json,1N83ztMmMiXVtw4V7o6btiLP7CLWVFdi2X
185.25.51.173-20200630.json,1A5ypTVDUH8vJdNCs7opGT9PjG62PZyXbn
185.25.51.173-20200630.json,3Gmgf2ZLs7ynB6dij8d6dVtP32HhbHZxyQ
185.25.51.173-20200701.json,3MwHyMvY6Hs5mETfyv4bLbHZnaphZDngPa
185.25.51.173-20200701.json,3Qe2vdFzL1oUFXZGUUY6AkWeHEdSxA8MS4
185.25.51.173-20200701.json,3Gk7nrYee9XGcdCL43WkpF3yptbuNPufrP
185.25.51.173-20200701.json,3Meg4kV2Pf8WinxoVKPLz6RZCjJSoxUomZ
185.25.51.173-20200701.json,3Q75nJ7MhA4GSo4gZYcJy1pszzJjS8XCEz
185.25.51.173-20200701.json,1HscaV3e3BKDtWhYtPPDYJwpzhDeqajmYg
185.25.51.173-20200701.json,3HMgskrRPa5ZVwtU7C9Qt7WYYym1yQzdww
185.25.51.173-20200701.json,3QAqPfg26ZpT1NHFHWYi1ZuPYd3r8j44Aq
185.25.51.173-20200701.json,3QAqPfg26ZpT1NHFHWYi1ZuPYd3r8j44Aq
185.25.51.173-20200701.json,3PC5nk1LkLWj78WguBz4GTb6MXQ1FXKBSD
185.25.51.173-20200701.json,1C26JJyqt6v7ZnXA8rYQ2mw8yEtJWHQ1rD
185.25.51.173-20200701.json,1P7wxQJVEonSHQr4XJud8E84YZnyLHZ2vf
185.25.51.173-20200702.json,1PjHmSedhgKcogGsJxKneQCEMAR7WE2jLw
185.25.51.173-20200702.json,1PjHmSedhgKcogGsJxKneQCEMAR7WE2jLw
185.25.51.173-20200702.json,17bF63cVHVwbSEQisBg6q5GzHzCn6acdQ
185.25.51.173-20200703.json,362U9hC1ro3rCXD6Jxd7A5ySPS2AsgosUP
185.25.51.173-20200703.json,18VHRQFAi6TvDwyvSrzJ4BKBj3ptc8v8pb
185.25.51.173-20200703.json,18wfejAcLnefJqV7D8Wo7e6iX2faBy8WDd
185.25.51.173-20200703.json,3Gmgf2ZLs7ynB6dij8d6dVtP32HhbHZxyQ
185.25.51.173-20200703.json,126YvfHsVptAxBbEpVqFNhon85isfMAxde
185.25.51.173-20200704.json,17CXNT62tqJLXbFVSgDx5CDyaneLheM6Ym
185.25.51.173-20200704.json,17CXNT62tqJLXbFVSgDx5CDyaneLheM6Ym
185.25.51.173-20200704.json,17CXNT62tqJLXbFVSgDx5CDyaneLheM6Ym
185.25.51.173-20200704.json,17CXNT62tqJLXbFVSgDx5CDyaneLheM6Ym
185.25.51.173-20200705.json,126YvfHsVptAxBbEpVqFNhon85isfMAxde
185.25.51.173-20200706.json,3FLXTWPnwdhN1cFmCd2DoyszYDgiCir4Kj
185.25.51.173-20200706.json,33UTXVkbX3w4w47TCZ81Z591CJoBNv7StW
185.25.51.173-20200706.json,17bF63cVHVwbSEQisBg6q5GzHzCn6acdQ
185.25.51.173-20200706.json,1MuaBkSVAw9BgMRq73cgCUaMHNPuGcgCEZ
185.25.51.173-20200706.json,3AKp1ahJS5sdZzSKMHg3gymrnirdPfwenv
185.25.51.173-20200706.json,32ATGtQ5p3KgHwqcK8RfiVhDgjEEVJq4TX
185.25.51.173-20200707.json,1ENaU1UEFBfkjvkKfmMqNLumJmQZ3CRkZ6
185.25.51.173-20200707.json,1CsRGRxgPHSHzCTVvoETsTSbu8VYgdBtGB
185.25.51.173-20200707.json,3KyfMZTy7Zi5Q23UwQ1xMdNZphdbQ3Qh3Y
185.25.51.173-20200707.json,1CsRGRxgPHSHzCTVvoETsTSbu8VYgdBtGB
185.25.51.173-20200707.json,17p9YoDWHeCX6yuaX1UGVdA1AyXucJZnFa
185.25.51.173-20200708.json,18wfejAcLnefJqV7D8Wo7e6iX2faBy8WDd
185.25.51.173-20200708.json,1JyswDvDK7eptxno6mkuwT7S5Ks646UwcM
185.25.51.173-20200708.json,1316UEQn3rRjpGGoKYppmSb1afjQdqT8Lv
185.25.51.173-20200708.json,18wfejAcLnefJqV7D8Wo7e6iX2faBy8WDd
185.25.51.173-20200708.json,1316UEQn3rRjpGGoKYppmSb1afjQdqT8Lv
185.25.51.173-20200708.json,1BdcVWWmoXMMSg452R2QHMCUiHxvE9oGYq
185.25.51.173-20200708.json,38D6BLawippb6JLRKD6DYwGKHWNueundL7
185.25.51.173-20200708.json,39WUiNppNBgNF9JUGmkt2gJQtGbPeyp6bc
185.25.51.173-20200709.json,16CyhSWJu4MDkk24A8LmkZoExC3KA744N2
185.25.51.173-20200709.json,16CyhSWJu4MDkk24A8LmkZoExC3KA744N2
185.25.51.173-20200709.json,37aZB6jdQ1kN5Tg7F97XuMo1NDoQTTDRME
185.25.51.173-20200709.json,1JyswDvDK7eptxno6mkuwT7S5Ks646UwcM
185.25.51.173-20200709.json,1JyswDvDK7eptxno6mkuwT7S5Ks646UwcM
185.25.51.173-20200709.json,16cb7AUf64daxLmDhXzvhBeRzeuNj34Fc2
185.25.51.173-20200709.json,3BqLXuzz3pmHURc9qkwdNmbNE7n72pkjHM
185.25.51.173-20200709.json,38dgfzw2WUT5zTnXGJchsz2JUV5L9kbE6L
185.25.51.173-20200709.json,3E2ZMmUyP2pFK91qYVtz6tRmqVUeqL8KmD
185.25.51.173-20200709.json,3Q93jpr9S3KhDgsENDeZicDQWtvGPp7BQ9
185.25.51.173-20200709.json,3FcdpAAn1R2F25asEBwgxiseqL5GauG7jD
185.25.51.173-20200709.json,3QNKPr6NUrWymxjpuoAx49iXgpAD7bgepM
185.25.51.173-20200709.json,3Fru1eTkBYKXcsqLfjpNZcAboPKzeRYJTp
185.25.51.173-20200709.json,18wfejAcLnefJqV7D8Wo7e6iX2faBy8WDd
185.25.51.173-20200709.json,3Lf2rWX2c1hDWfEnNvNXeukRA2Z1zb2cVo
185.25.51.173-20200709.json,33JCLFVubiAfBpx3cqEcyA8CsrNdhSE6gV
185.25.51.173-20200709.json,3Gh1LMp9iSjW9ahoznMgGBb8mjoMaB51Lz
185.25.51.173-20200709.json,32JzMfsus26466zDXDJ4LvjoaNqpz93ZWt
185.25.51.173-20200709.json,1JyswDvDK7eptxno6mkuwT7S5Ks646UwcM
185.25.51.173-20200709.json,18wfejAcLnefJqV7D8Wo7e6iX2faBy8WDd
185.25.51.173-20200709.json,3NoAMx1SHdc6TmEqxA4Uf3u1SPTLXm5Wn4
185.25.51.173-20200709.json,1K1fSxkN3j8MCZGdiVwqwwT4mRNLii4NN3
185.25.51.173-20200709.json,38dgfzw2WUT5zTnXGJchsz2JUV5L9kbE6L
185.25.51.173-20200709.json,1GibicFgGJ3s2u8WCP1pqa7S3QodLJ6og6
185.25.51.173-20200709.json,3N5bSgwFtEJby5bYWbhSdUXAUSJS6Y5nAF
185.25.51.173-20200710.json,17Yq9fkbPSyCRbsn8UDywQXWG3jADf1RkQ
185.25.51.173-20200710.json,15As7FpCKd6qsZa1kKpPNG6ZdomEdwhoqG
185.25.51.173-20200712.json,39bkC3zGxhxg9UmK6DCQvqAto2VCanhNTM
185.25.51.173-20200713.json,33EfiNWnNm7Sm2vDptHpZ7YbCLD1terroT
185.25.51.173-20200713.json,3Ccr4ZXecb5JHD1qBcnqQyQwt7hCYxAZJu
185.25.51.173-20200713.json,39vQ1Xnab97ECfmNsBRg7wH95jD85XBnjj
185.25.51.173-20200713.json,3BXqsdz2rRvdxnbNQFo2yL9KhL5tTgu1aW
185.25.51.173-20200713.json,36STZWhv58WMCTJuscD47LvMRxsq5hoMYz
185.25.51.173-20200713.json,16CyhSWJu4MDkk24A8LmkZoExC3KA744N2
185.25.51.173-20200713.json,1HmDUNWeTngYT1EYvu3cyNSx1riFxQz9P1
185.25.51.173-20200713.json,16CyhSWJu4MDkk24A8LmkZoExC3KA744N2
185.25.51.173-20200714.json,1P7iwzRAnqgSEhrjGbbK9RaeQ5CiNMLHMB
185.25.51.173-20200714.json,3N5bSgwFtEJby5bYWbhSdUXAUSJS6Y5nAF
185.25.51.173-20200714.json,1CTJ9TzkdhBQSzjxf1ZNhGVtuANz4mjrEC
185.25.51.173-20200714.json,39bkC3zGxhxg9UmK6DCQvqAto2VCanhNTM
185.25.51.173-20200715.json,3N5bSgwFtEJby5bYWbhSdUXAUSJS6Y5nAF
185.25.51.173-20200715.json,17RiMroeXvNwQDMf9FEVaFZvWj2uja99Z5
185.25.51.173-20200715.json,35zB26ZLf3xm2ef6Dgs4B35kPt7vctgkAG
185.25.51.173-20200715.json,38edz7XRAuA4gvvU86todGu9PoRn8BrWB4
185.25.51.173-20200715.json,3BWQhLHVWwm57jdhCTnZzD9XrYa4CYabiL
185.25.51.173-20200715.json,3N4oho2uXfkFBfUAPtoPGLUXjHXqXV4vrJ
185.25.51.173-20200715.json,3N4oho2uXfkFBfUAPtoPGLUXjHXqXV4vrJ
185.25.51.173-20200715.json,1JxCUJmdfsdAgQ9yqPG1jmEnX6G3zRLtcv
185.25.51.173-20200715.json,3NBrXnaaMyjhS89hZcqjQmjZXTecxxZ1qt
185.25.51.173-20200715.json,3KkMNaXwdyiMx8dmjQdnczDtwo7aVdfQp5
185.25.51.173-20200715.json,3BWQhLHVWwm57jdhCTnZzD9XrYa4CYabiL
185.25.51.173-20200715.json,1HvwVb52vCnU8gUczvPR42qWU3n7rFsjr9
185.25.51.173-20200715.json,1GarXGcD6t8LG3E6w2ZqPXgEAeS6Fg3xFW
185.25.51.173-20200716.json,19LjcGkg4MaCLbaofQkLtBFEvdaF6JWBJr
185.25.51.173-20200716.json,3Hfd7Y6eCbDxJgFSVCzL2byHhjSe2hrChL
185.25.51.173-20200716.json,3Hfd7Y6eCbDxJgFSVCzL2byHhjSe2hrChL
185.25.51.173-20200716.json,19LjcGkg4MaCLbaofQkLtBFEvdaF6JWBJr
185.25.51.173-20200716.json,3Hfd7Y6eCbDxJgFSVCzL2byHhjSe2hrChL
185.25.51.173-20200716.json,37TbY4gmR2y8zC614ZYyTrNJUzqNA1749B
185.25.51.173-20200716.json,349TxZZyaJpUnrBYmxs8YLTkYyv7y1Zdr5
185.25.51.173-20200716.json,34QzUYKDBGXTmejcq79gDr85UMQ7inXMRQ
185.25.51.173-20200716.json,39iNVhc9C4nKnUTdJmM25Wn6pswYiaimfi
185.25.51.173-20200716.json,36jzkEYD82jxT5jqjDwkZdeYvfSSD4CGep
185.25.51.173-20200716.json,1KpGmCD9tY16qbrQtGNxsfZ2iBuWRPCMGX
185.25.51.173-20200716.json,1AV7edY4ah9Q8PjGrMXjSnnpUBHBokkE6t
185.25.51.173-20200716.json,17h32zGE7gF1De1kPhDVia2ac7cVCQM3Jr
185.25.51.173-20200716.json,1G9Zwp2cBdrM8o3wpactcqrw6NC3xGEm1o
185.25.51.173-20200717.json,1G9Zwp2cBdrM8o3wpactcqrw6NC3xGEm1o
185.25.51.173-20200717.json,354qrB8k66GNFrZrgT4o9BicxGJAv2JhFU
185.25.51.173-20200717.json,1DBQbASkSKvXbh7uFK8y4zNuUAQVGJ1JAq
185.25.51.173-20200717.json,3C2zARM6gP2MGbdVVMfYLeYxbJ9JkFuKAs
185.25.51.173-20200717.json,3C2zARM6gP2MGbdVVMfYLeYxbJ9JkFuKAs
185.25.51.173-20200717.json,189zQCa3KTCv5mjvgcbcNY3dWJgGQ2ARBG
185.25.51.173-20200717.json,1M8i4162T1nhQkECEha3vDQPSC5eCqbKUr
185.25.51.173-20200718.json,3C2zARM6gP2MGbdVVMfYLeYxbJ9JkFuKAs
185.25.51.173-20200718.json,3C2zARM6gP2MGbdVVMfYLeYxbJ9JkFuKAs
185.25.51.173-20200718.json,1M8i4162T1nhQkECEha3vDQPSC5eCqbKUr
185.25.51.173-20200718.json,1M8i4162T1nhQkECEha3vDQPSC5eCqbKUr
185.25.51.173-20200719.json,34eJt4a1sbrN3HpEnhDAhfG27ZH4Q1ViLA
185.25.51.173-20200719.json,34eJt4a1sbrN3HpEnhDAhfG27ZH4Q1ViLA
185.25.51.173-20200719.json,1CRU5PoeYUY7UAhKFqvddaywNLjtyxhQDh
185.25.51.173-20200720.json,39fPanSUkZ15sPqXx5BaBiihcafqzzq6CS
185.25.51.173-20200720.json,3MVCJaskjJJT3LyEHDZPtfR4Pz8GQ3qXq1
185.25.51.173-20200720.json,1DXxsmri9odYYox7KYUxEiRba93cMoysBj
185.25.51.173-20200720.json,1PX6fPLG5behRjxywUSVjUF6N6dwuMwNa7
185.25.51.173-20200720.json,34eJt4a1sbrN3HpEnhDAhfG27ZH4Q1ViLA
185.25.51.173-20200720.json,1PX6fPLG5behRjxywUSVjUF6N6dwuMwNa7
185.25.51.173-20200720.json,347MCmvfhcFiYgVUoMcCgHyu9Lv93VLTgc
185.25.51.173-20200720.json,34mtddL3Htnruze1c4wEoMkcJsWpE2EtEs
185.25.51.173-20200720.json,1G9Zwp2cBdrM8o3wpactcqrw6NC3xGEm1o
185.25.51.173-20200721.json,3NFT7rRbb2qfYAJfY1BY84B9YwMZ4KJSwb
185.25.51.173-20200721.json,35ZqkJJ8J3fAKkVS8hH3GeZ6HRmixF2MNV
185.25.51.173-20200721.json,3AB6rRJRjMUfWhfkhUWucZu7F7mEHfXquW
185.25.51.173-20200721.json,32b49nRCASHWYHiswfzzUv9jzoTvpkBaJM
185.25.51.173-20200721.json,33hRnfkY5vh7GXjVKLKWwyhf1hRG6cj5qj
185.25.51.173-20200721.json,33hRnfkY5vh7GXjVKLKWwyhf1hRG6cj5qj
185.25.51.173-20200721.json,3MVCJaskjJJT3LyEHDZPtfR4Pz8GQ3qXq1
185.25.51.173-20200721.json,3BtNwNTG5Nhv5BwoM4zuydRzWaYmZvqqPd
185.25.51.173-20200721.json,1BoirTa1Cms8DERPfL5hQWphyNE6vXLFoM
185.25.51.173-20200721.json,33hRnfkY5vh7GXjVKLKWwyhf1hRG6cj5qj
185.25.51.173-20200721.json,33hRnfkY5vh7GXjVKLKWwyhf1hRG6cj5qj
185.25.51.173-20200721.json,33hRnfkY5vh7GXjVKLKWwyhf1hRG6cj5qj
185.25.51.173-20200721.json,34eJt4a1sbrN3HpEnhDAhfG27ZH4Q1ViLA
185.25.51.173-20200721.json,1BoirTa1Cms8DERPfL5hQWphyNE6vXLFoM
185.25.51.173-20200721.json,36nvzDT1CdgLjfo2EhSitRPSvxhA5psY5A
185.25.51.173-20200722.json,1BoirTa1Cms8DERPfL5hQWphyNE6vXLFoM
185.25.51.173-20200722.json,14cpr38DhSinr1pEiup4YxpGFG9Rc7Gbbw
185.25.51.173-20200722.json,14cpr38DhSinr1pEiup4YxpGFG9Rc7Gbbw
185.25.51.173-20200722.json,1BoirTa1Cms8DERPfL5hQWphyNE6vXLFoM
185.25.51.173-20200722.json,14cpr38DhSinr1pEiup4YxpGFG9Rc7Gbbw
185.25.51.173-20200722.json,14cpr38DhSinr1pEiup4YxpGFG9Rc7Gbbw
185.25.51.173-20200722.json,31uAe3zj7p9qXN2xiJP1pRciZysCKNtfTJ
185.25.51.173-20200722.json,14cpr38DhSinr1pEiup4YxpGFG9Rc7Gbbw
185.25.51.173-20200723.json,14cpr38DhSinr1pEiup4YxpGFG9Rc7Gbbw
185.25.51.173-20200723.json,36cU3QigogwbqYPHCaUjXpPqQCLeZ7x3Gs
185.25.51.173-20200723.json,14cpr38DhSinr1pEiup4YxpGFG9Rc7Gbbw
185.25.51.173-20200723.json,14cpr38DhSinr1pEiup4YxpGFG9Rc7Gbbw
185.25.51.173-20200723.json,12p1cEthQKc8K2ogUtJWjKfiEmnrcoULAY
185.25.51.173-20200723.json,14cpr38DhSinr1pEiup4YxpGFG9Rc7Gbbw
185.25.51.173-20200724.json,3MVCJaskjJJT3LyEHDZPtfR4Pz8GQ3qXq1
185.25.51.173-20200724.json,3EtB1y9kMktBojSE95JTbWL6hVSnj3vR6s
185.25.51.173-20200724.json,3Me6msQadTaB7w2tyKTUapkH2katiE7Hts
185.25.51.173-20200724.json,1DrJiGeEnMxTuv45Qz99J3wKWYxmar3PRc
185.25.51.173-20200724.json,1DrJiGeEnMxTuv45Qz99J3wKWYxmar3PRc
185.25.51.173-20200727.json,14XERmJvwuP6ZZkhKjWHfzas8CXLy8kj9w
185.25.51.173-20200727.json,14XERmJvwuP6ZZkhKjWHfzas8CXLy8kj9w
185.25.51.173-20200727.json,3MVCJaskjJJT3LyEHDZPtfR4Pz8GQ3qXq1
185.25.51.173-20200727.json,14XERmJvwuP6ZZkhKjWHfzas8CXLy8kj9w
185.25.51.173-20200727.json,354uPBPcTArynUszkYhfNNRgsNHQ2qkHgS
185.25.51.173-20200727.json,1KkCngjxNWqaWhVcTU3BVJ5stidG89KikE
185.25.51.173-20200727.json,1JXkfXrcqN6kUtBoKT57Um827Wrr9b8Aw8
185.25.51.173-20200727.json,3GiJFkN368AgbEDsJKy8MUTKQcWCSXZeHn
185.25.51.173-20200729.json,3GAaVV3EAmTM8qsfck5uV8g7j28SviHiBJ
185.25.51.173-20200729.json,363dkkRqjFKf2fAB42Dy3SZVm6Xwj7YDSx
185.25.51.173-20200729.json,36Vb5jUMWqyxVWkMJQt5kofqnq4GZZctbf
185.25.51.173-20200729.json,32VkjPPDbdxQuXbzwExhvHEYDXEK66fg5z
185.25.51.173-20200729.json,383XRiCY4uyzhwJJfxW9SNYQN3nB2knYe7
185.25.51.173-20200729.json,35dQ7EhTvNQsx6NGaWvmXffNSUCitafN2E
185.25.51.173-20200729.json,3C34eTqgzgpNsohgrBb7A48PyrE9SCMa1n
185.25.51.173-20200729.json,3577P7Kt7ysNjjdqkDin9K4cfBW9KddHQc
185.25.51.173-20200729.json,3KkH4bJP6s4bcgG8WqTRu5ePMK42AFNaD7
185.25.51.173-20200729.json,3EoECUwmZWDar7ZH1E5zaLiyMzwakgM7Py
185.25.51.173-20200729.json,3P2F2dm3bUw5TmiiYinnggknhpwKXwvWUg
185.25.51.173-20200729.json,1K9vUidjVFM1NNKva2ogvNaU4hVUh6zMtW
185.25.51.173-20200729.json,3BMZu4Zjc37bo6fdk67MCvJFt6L4XfZXiF
185.25.51.173-20200730.json,1MjX9obVcDq5c3BPwTgR2s2EfdFGkBo47t
185.25.51.173-20200731.json,3MJmNqGZyW9fR2wJ2VzyoW9p5NLvXK7AJj
185.25.51.173-20200731.json,1JpwQMa33tggoYpEEoQJsxcLudypBDjK4L
185.25.51.173-20200731.json,1JpwQMa33tggoYpEEoQJsxcLudypBDjK4L
185.25.51.173-20200731.json,1D8Ub82dsqwV3fS7BHmWy7PWVHdAfNRWcx
185.25.51.173-20200731.json,1D8Ub82dsqwV3fS7BHmWy7PWVHdAfNRWcx
185.25.51.173-20200731.json,16CnxXgXQDFVCzP5nU1bW8RXXXVK3U4g6f
185.25.51.173-20200731.json,1Ccb87rHCN2pqBFxafz11MkUWBtHD1jWM8
185.25.51.173-20200731.json,17DLNpwfWuQkYQbuTi7JkdUTGboBXsoP5c
185.25.51.173-20200731.json,17DLNpwfWuQkYQbuTi7JkdUTGboBXsoP5c
185.25.51.173-20200731.json,193UjvwxxvqbZJopaALERyaCXN4Ep1ZKRb
185.25.51.173-20200802.json,16bspUAAN8HbYbTANBd9VmHuDGptqMmgtV
185.25.51.173-20200802.json,16bspUAAN8HbYbTANBd9VmHuDGptqMmgtV
185.25.51.173-20200802.json,3EWff3oToMtv2Ed4n6Hy3a3FZnQKRtoiCh
185.25.51.173-20200802.json,34WTeojnHcfh3Z2rXCpNHsiM65y2GC98Qo
185.25.51.173-20200802.json,1Bd8F241rmFGd7gzCeU6UXoo5KNfXhx9Wb
185.25.51.173-20200802.json,17DLNpwfWuQkYQbuTi7JkdUTGboBXsoP5c
185.25.51.173-20200802.json,17DLNpwfWuQkYQbuTi7JkdUTGboBXsoP5c
185.25.51.173-20200802.json,3JM65WqvYq6QnbRqftohguDgqamLZeVzUE
185.25.51.173-20200802.json,33PfxKrgx1894QVVKmo1h8bXR2cjaPe8mq
185.25.51.173-20200802.json,34eJt4a1sbrN3HpEnhDAhfG27ZH4Q1ViLA
185.25.51.173-20200803.json,1APiU5VRXpdjKuMPXFE9wkN1Kh1zdLhsMv
185.25.51.173-20200803.json,1APiU5VRXpdjKuMPXFE9wkN1Kh1zdLhsMv
185.25.51.173-20200803.json,1Bd8F241rmFGd7gzCeU6UXoo5KNfXhx9Wb
185.25.51.173-20200803.json,1PYLUJrc7yCYYphHBXHQu5YGbCddtqm4qs
185.25.51.173-20200803.json,3C42eJjFfEdhBXaNjSYRxiyVc7hs36GCCY
185.25.51.173-20200803.json,32C1kAf5EKy8tJHzsfqfwUKFZc8dyzfzoa
185.25.51.173-20200803.json,1J1Qqf4Tps7dkT11ALDKvxqmPxGC2dYAFm
185.25.51.173-20200803.json,18UAaEdnyJjPMR34CRS5S7pjCH7xqkpT5Q
185.25.51.173-20200803.json,34eJt4a1sbrN3HpEnhDAhfG27ZH4Q1ViLA
185.25.51.173-20200804.json,18UAaEdnyJjPMR34CRS5S7pjCH7xqkpT5Q
185.25.51.173-20200804.json,34eJt4a1sbrN3HpEnhDAhfG27ZH4Q1ViLA
185.25.51.173-20200804.json,35mqXfMwyNCGFPSzRTmcYCpWiZ73x6H5kG
185.25.51.173-20200804.json,39by6dACdf6ZwDUA7RiWsWG5tzPsDPZAcq
185.25.51.173-20200804.json,321vG6iUNZ9xEYRKf6VzTjVCn7Whw6pMnJ
185.25.51.173-20200804.json,3FQ8XGqdBEkAHXjGTsz7pyhMkJund6ryqm
185.25.51.173-20200804.json,3ErYy1XxL7VZMBiEJaYqV1FHepZqPMpQxi
185.25.51.173-20200804.json,3EEzXGfLWPUkhfgZtXMW9T5mu9He4GEK8V
185.25.51.173-20200804.json,35r1ASUT9zkoH6toVUTGsErKkSzpncYEdD
185.25.51.173-20200804.json,1GWDLgzNPdRRxjJcACktanvPoX1nLVwKj1
185.25.51.173-20200804.json,1CgJoMjYQviZmer9nQwjMh7e5wJ3paTZEe
185.25.51.173-20200804.json,31yLWs2EeavyqpUNX7EokSSDKrwBR7HYyA
185.25.51.173-20200804.json,3GxoyuvEc7Erc17K4xxjeiayTvvvwQhS7g
185.25.51.173-20200805.json,3D7sspRAcaq6JGiMuvPSunjNdHfwdkxeqb
185.25.51.173-20200805.json,3GHLZQZscEhh9TAXcgfuTrNWGrqHfpssHa
185.25.51.173-20200805.json,1APiU5VRXpdjKuMPXFE9wkN1Kh1zdLhsMv
185.25.51.173-20200806.json,3Fx9okbhcR99VUJWcv5HVcoseS8dqLLgka
185.25.51.173-20200806.json,1APiU5VRXpdjKuMPXFE9wkN1Kh1zdLhsMv
185.25.51.173-20200807.json,3CF84ihHghMTW2BRAB7taQ7HMEXAuNmWBJ
185.25.51.173-20200807.json,1NVuhgbrVBkdyyyGrZM4DkLFAXqEvCz9kv
185.25.51.173-20200807.json,12xkA61uzFZV9mUyu7FSLStSRt7e5FszKt
185.25.51.173-20200808.json,1NVuhgbrVBkdyyyGrZM4DkLFAXqEvCz9kv
185.25.51.173-20200810.json,34pUkWS7avd61Zvat4Auw3XDt185kiFs35
185.25.51.173-20200810.json,12xkA61uzFZV9mUyu7FSLStSRt7e5FszKt
185.25.51.173-20200810.json,3Fx9okbhcR99VUJWcv5HVcoseS8dqLLgka
185.25.51.173-20200810.json,32BuvXNXrvBNexrXHv7Wi7UWBadzhPTK1t
185.25.51.173-20200810.json,3AFSA4evewcyvLRjwQ5Fr8xmWvxpgLsRi7
185.25.51.173-20200810.json,376gVX4dj2udu719kzPwstUeF9AW3W4Hok
185.25.51.173-20200810.json,3CF84ihHghMTW2BRAB7taQ7HMEXAuNmWBJ
185.25.51.173-20200810.json,1NVuhgbrVBkdyyyGrZM4DkLFAXqEvCz9kv
185.25.51.173-20200810.json,1NVuhgbrVBkdyyyGrZM4DkLFAXqEvCz9kv
185.25.51.173-20200810.json,34pUkWS7avd61Zvat4Auw3XDt185kiFs35
185.25.51.173-20200810.json,15mTyb1iR4bu2nghT68s8peqLJ9oe1LvjF
185.25.51.173-20200810.json,3GGMczzSPTbixa9wCV9N5pP6iMZ1jq8dTZ
185.25.51.173-20200810.json,38HefKqoBWYTKQsN5BEsKxKqsBsPc1Ts3o
185.25.51.173-20200810.json,15mTyb1iR4bu2nghT68s8peqLJ9oe1LvjF
185.25.51.173-20200810.json,12xkA61uzFZV9mUyu7FSLStSRt7e5FszKt
185.25.51.173-20200810.json,38xS3Sqz6T5yQwNRd9E1NQyEjTnDroUMbT
185.25.51.173-20200811.json,398L99TJEJ5P9JGun3mEpuzkAotmaZhRyV
185.25.51.173-20200811.json,373wfRhEsyeS5Li2AbLSNyekQbnYQko5EW
185.25.51.173-20200811.json,36tM6BkDNyBBw6va4aKUatVK6M19ecqhfC
185.25.51.173-20200811.json,398L99TJEJ5P9JGun3mEpuzkAotmaZhRyV
185.25.51.173-20200811.json,36tM6BkDNyBBw6va4aKUatVK6M19ecqhfC
185.25.51.173-20200811.json,3DEM6M2mGa82bsFzwZfx9xog4wsGkEF1k5
185.25.51.173-20200811.json,1NVuhgbrVBkdyyyGrZM4DkLFAXqEvCz9kv
185.25.51.173-20200812.json,3Akvdu3aV4xgWzwBepr7vFmqbrwGrUJkBs
185.25.51.173-20200812.json,1DBMYmRY7jRazj6JiDj78jJbvn7ggeF9Tp
185.25.51.173-20200812.json,1DBMYmRY7jRazj6JiDj78jJbvn7ggeF9Tp
185.25.51.173-20200813.json,34rhHfB3ucs7UY6KfeNrU4EskLZxRP7Sn3
185.25.51.173-20200813.json,34rhHfB3ucs7UY6KfeNrU4EskLZxRP7Sn3
185.25.51.173-20200813.json,33c8CB9B77q8wttnnwEPooPt29JwLNNVWW
185.25.51.173-20200813.json,3ENydBfSaJ1uMbpncuSqfv182AHwALvVgS
185.25.51.173-20200814.json,38bk2V37ZJvHfh9i4gzGC3S9uFeYhZwRHz
185.25.51.173-20200814.json,3DcrBz6zEatPr4Cg9FePLi1axqzErk1aYb
185.25.51.173-20200815.json,38bk2V37ZJvHfh9i4gzGC3S9uFeYhZwRHz
185.25.51.173-20200815.json,3DcrBz6zEatPr4Cg9FePLi1axqzErk1aYb
185.25.51.173-20200816.json,38bk2V37ZJvHfh9i4gzGC3S9uFeYhZwRHz
185.25.51.173-20200816.json,38bk2V37ZJvHfh9i4gzGC3S9uFeYhZwRHz
185.25.51.173-20200816.json,3D3oZaXGFg941BsBbRXJVWboxgMpUFiJKw
185.25.51.173-20200816.json,35efJpxfeV3cm3wbJNfSkaubLDrJArfXM8
185.25.51.173-20200816.json,19oPLtkKWP97AFJtJxosLEyTgTBdcvD9gZ
185.25.51.173-20200817.json,3C42eJjFfEdhBXaNjSYRxiyVc7hs36GCCY
185.25.51.173-20200817.json,19oPLtkKWP97AFJtJxosLEyTgTBdcvD9gZ
185.25.51.173-20200817.json,3C42eJjFfEdhBXaNjSYRxiyVc7hs36GCCY
185.25.51.173-20200817.json,3ACKLYjDsvVzX1rLzdFe3Z7JAfS4nVf1sp
185.25.51.173-20200817.json,3NqA2rRDNk2xzSKLThG9pe8ywZvZzLBRPZ
185.25.51.173-20200817.json,19EYKePWvc8G6QSPoN9qiCCQsidVR4Gcmb
185.25.51.173-20200817.json,1AcAQMpuc53zgZgJrNwPkBYwMFsCygWkiu
185.25.51.173-20200817.json,12Vv764KkqnUb7RQBcoRhdXJ5PZ7J2bQhJ
185.25.51.173-20200817.json,3ADhvEbBkcL5MrLFycjqdcWS3CSsWJZyDi
185.25.51.173-20200817.json,1PE5vpJujzBvvVdQ71AaViopXGpcq7KpeM
185.25.51.173-20200817.json,12Vv764KkqnUb7RQBcoRhdXJ5PZ7J2bQhJ
185.25.51.173-20200818.json,12Vv764KkqnUb7RQBcoRhdXJ5PZ7J2bQhJ
185.25.51.173-20200818.json,34Km92xmMu8FPNJkjAC1LNu6Tab5HL3FmH
185.25.51.173-20200819.json,1J1Qqf4Tps7dkT11ALDKvxqmPxGC2dYAFm
185.25.51.173-20200819.json,1J1Qqf4Tps7dkT11ALDKvxqmPxGC2dYAFm
185.25.51.173-20200819.json,17g3e3fooEHD3G3UyBmTcXEkRdD6C8rsdJ
185.25.51.173-20200819.json,3LDoWDGjsiEYMNZ9mACd842F7Hiq2qnPko
185.25.51.173-20200819.json,3MU4Yf4bk9W4KRAUD9TEw1ymswV6CEfiza
185.25.51.173-20200820.json,1A2q2yTi7VJ1phngdnVyZDjbiCxr1JgTXx
185.25.51.173-20200820.json,37D8BAoeZfYjopZtociNyxBsdXxYxboaS8
185.25.51.173-20200820.json,3MU4Yf4bk9W4KRAUD9TEw1ymswV6CEfiza
185.25.51.173-20200821.json,1J1Qqf4Tps7dkT11ALDKvxqmPxGC2dYAFm
185.25.51.173-20200821.json,3GoJDv1s9PGZ7tnrU7Jd4yQwxjUgTjZMnY
185.25.51.173-20200821.json,3GoJDv1s9PGZ7tnrU7Jd4yQwxjUgTjZMnY
185.25.51.173-20200824.json,34NCToBuWPFTJeXSdLeSUBKmFGbm5ujs7f
185.25.51.173-20200824.json,1NsShSyS6H8yNXfgLyCxUayhbQDN5VpMSv
185.25.51.173-20200824.json,37D8BAoeZfYjopZtociNyxBsdXxYxboaS8
185.25.51.173-20200824.json,18YcA5BnLq4pWR4XmHwWUF5od9bfA5GBx2
185.25.51.173-20200824.json,37D8BAoeZfYjopZtociNyxBsdXxYxboaS8
185.25.51.173-20200824.json,3LT3dLzsGNkAiJaowWPtLF19u4Mp9Zj1Dy
185.25.51.173-20200824.json,3NAJwjsd4nKSHLLbaJKZahyrThdN8RBWdU
185.25.51.173-20200824.json,3LT3dLzsGNkAiJaowWPtLF19u4Mp9Zj1Dy
185.25.51.173-20200824.json,3LT3dLzsGNkAiJaowWPtLF19u4Mp9Zj1Dy
185.25.51.173-20200825.json,17JZbuhbxygtiHQvfw5dAYurSqeua5af7w
185.25.51.173-20200826.json,1BjgwkeavzV2shXvhAEvxiBSNRFncwSEWf
185.25.51.173-20200826.json,1BjgwkeavzV2shXvhAEvxiBSNRFncwSEWf
185.25.51.173-20200827.json,38MgwutAT95YVhjcCwEqrabYBYVvt6yAjD
185.25.51.173-20200827.json,3Qeb5q2KTDRiiT6BGnR3BjCz86u427dJRV
185.25.51.173-20200827.json,16cb8CaeUieSju6ZohxmKcw3Npx7zRKAe2
185.25.51.173-20200828.json,16cb8CaeUieSju6ZohxmKcw3Npx7zRKAe2
185.25.51.173-20200828.json,14c18vNEh43AqzkpysfiFkFCQBCiXBQUAi
185.25.51.173-20200828.json,1EdK5RkgWZ6UNL89SKCFox5BjbkfHimrCZ
185.25.51.173-20200831.json,1AgJco5z2S9qTCp7XFFcATfRnJsMgbJMfL
185.25.51.173-20200831.json,1QEZJGYqADzt153QxJKW2LQ8NUfYJJkzQZ
185.25.51.173-20200831.json,3KRB8A9rLbd6uAAX39QpoXsyU56JYzdGKW
185.25.51.173-20200831.json,1EdK5RkgWZ6UNL89SKCFox5BjbkfHimrCZ
185.25.51.173-20200831.json,1AgJco5z2S9qTCp7XFFcATfRnJsMgbJMfL
185.25.51.173-20200831.json,3KRB8A9rLbd6uAAX39QpoXsyU56JYzdGKW
185.25.51.173-20200831.json,15KaTQzS1hLEKGHyq3LHwt7Bt6mZdEZwDf
185.25.51.173-20200831.json,3LSLcqt33xgV1R7fpZhA7Lpe4ARDWD39vU
185.25.51.173-20200831.json,3KRB8A9rLbd6uAAX39QpoXsyU56JYzdGKW
185.25.51.173-20200831.json,1Buwog8masbVCn1mFCnV9NQACPtPSxkEgX
185.25.51.173-20200831.json,15b5rZnwerwdNiRjzQFQykWZiGwJGSsY16
185.25.51.173-20200831.json,3K63stWT4KU1nmtbPozfrtxCcwfVDaAqyG
185.25.51.173-20200831.json,3QFeP4HVkiypxRsR8GXtcx4WXuCeM2iqVc
185.25.51.173-20200831.json,3LFVjK9b7Hr7wUZApabZmFkjoKESg5wanZ
185.25.51.173-20200831.json,196v3pzZSaqLCsG93UHH1eQmw6c29mCA4d
185.25.51.173-20200831.json,1GthzERE63extEck6r8G9ZtQ6JoQ5AvUr1
185.25.51.173-20200831.json,3C42eJjFfEdhBXaNjSYRxiyVc7hs36GCCY
185.25.51.173-20200831.json,37Jyghhgw4awz4vgjrjzi7bNcM3iun98GJ
185.25.51.173-20200901.json,1AgJco5z2S9qTCp7XFFcATfRnJsMgbJMfL
185.25.51.173-20200901.json,1DaJHxuDDyesyRxGgYENEwfziTnPQMLiXz
185.25.51.173-20200901.json,1AgJco5z2S9qTCp7XFFcATfRnJsMgbJMfL
185.25.51.173-20200901.json,1DaJHxuDDyesyRxGgYENEwfziTnPQMLiXz
185.25.51.173-20200901.json,34gcLutc83MPTvHzQqBaA9iWQAjCVHDUP8
185.25.51.173-20200901.json,3EDKeb4Ab3z31TC3RoUEcRxBmo4nbhswyc
185.25.51.173-20200901.json,3J4JNLkSAm9efzjWtC7tA9bunkt2ozwKNg
185.25.51.173-20200901.json,1AaG2mEUArhH76SHZV3UjfkafEbX3PjnXT
185.25.51.173-20200902.json,3LL5rfEBh8N3chu5r77mX2oTy2A6Y13p55
185.25.51.173-20200902.json,3Jp36kEyVztHKfLL8ZwzRVCkurvfiKG4Na
185.25.51.173-20200902.json,1AgJco5z2S9qTCp7XFFcATfRnJsMgbJMfL
185.25.51.173-20200902.json,1AgJco5z2S9qTCp7XFFcATfRnJsMgbJMfL
185.25.51.173-20200902.json,122e9wJ4G49bH7Y4SBiJN5fNWJVSh12hn5
185.25.51.173-20200902.json,1Pq1BXqg32M5GJxifjkVFGF5iQbHDPHYde
185.25.51.173-20200902.json,1J1Qqf4Tps7dkT11ALDKvxqmPxGC2dYAFm
185.25.51.173-20200903.json,158ugoZoH5NQiwDR6WmC37pFAF1kqCauGC
185.25.51.173-20200903.json,1Baxsh3pokdWftPSc8BYmKzLaVxSZUubQi
185.25.51.173-20200903.json,33tbtcdHEPhmXWthDicGuyPz2QUvTLS6Dk
185.25.51.173-20200904.json,3JMZcEJDPcmsF3W6P4KEqB8nMkz7xoNT9e
185.25.51.173-20200904.json,1Baxsh3pokdWftPSc8BYmKzLaVxSZUubQi
185.25.51.173-20200904.json,33tbtcdHEPhmXWthDicGuyPz2QUvTLS6Dk
185.25.51.173-20200904.json,3KsjQKZBjJ1LMCQtwe7hepT8jz1eLmfZbQ
185.25.51.173-20200904.json,3KS9hmKHkvKzmqJEY6KLaJ3shhQ3YP6yYU
185.25.51.173-20200904.json,16KSCzUehNJRuuJnNjuz8xuUNEHmVHo3py
185.25.51.173-20200904.json,3HnkFbgMSxw8s1A61pqadyfz2dkdZ5vgRW
185.25.51.173-20200904.json,1EZY2exVq9LvbwBaXWPoR7bYhfNRBXC3m5
185.25.51.173-20200904.json,1AgJco5z2S9qTCp7XFFcATfRnJsMgbJMfL
185.25.51.173-20200906.json,1ErfMe9mV52t24Myk8hhHLPEiQrwUvrkVp
185.25.51.173-20200907.json,3CF84ihHghMTW2BRAB7taQ7HMEXAuNmWBJ
185.25.51.173-20200907.json,3CF84ihHghMTW2BRAB7taQ7HMEXAuNmWBJ
185.25.51.173-20200907.json,38kTS4ozEfFtqAZPsDvR8EASNTELvWCQPn
185.25.51.173-20200907.json,3QqAx1R3pju72ox6gJkxNA2hEutdaeyzCt
185.25.51.173-20200907.json,1Q2gW9D2SfhX2UkrDALz7v4ujXT1FWNWRR
185.25.51.173-20200908.json,3CF84ihHghMTW2BRAB7taQ7HMEXAuNmWBJ
185.25.51.173-20200908.json,3CF84ihHghMTW2BRAB7taQ7HMEXAuNmWBJ
185.25.51.173-20200908.json,3ArhZ9GuG9APYRJpKBR6YS8YfS7zfcbjtC
185.25.51.173-20200908.json,36KU3175zxYzBi6asod3GA9gr3vjW8Uvdb
185.25.51.173-20200908.json,158E7kktJVjg95dbFbuuF2nfTnCq1KjuYW
185.25.51.173-20200909.json,3ECVDJP8XaMQb1YhrFYPSgJwjQAaSk1jG8
185.25.51.173-20200909.json,3AzWagPyw6fK8zhXhnyiHo57AN4Xqnt7rw
185.25.51.173-20200909.json,19RB32h5YEbz52XuYTGBAi6nH8Y9dSLwDm
185.25.51.173-20200910.json,3KnLUmfFXvGMDyueBrHJoxH4dPD8k6cJFx
185.25.51.173-20200911.json,3A99TqWrJ1cVDWKnTyqjAGXMcUFa3Rt2TZ
185.25.51.173-20200911.json,1LsiiBLip3eyMtdvawU5FtYHdAdHbaUkZX
185.25.51.173-20200911.json,3A99TqWrJ1cVDWKnTyqjAGXMcUFa3Rt2TZ
185.25.51.173-20200911.json,3LiziCu5sibWZ6krt1AbucwFMD9oe8FHQD
185.25.51.173-20200912.json,3HrMV8xRQz3oh9kEqCU46bBVas7E65eLsz
185.25.51.173-20200913.json,3HrMV8xRQz3oh9kEqCU46bBVas7E65eLsz
185.25.51.173-20200915.json,17g3e3fooEHD3G3UyBmTcXEkRdD6C8rsdJ
185.25.51.173-20200915.json,3K55DkpJ6eJDNEn15dFB3h5k1nvckhU71C
185.25.51.173-20200915.json,3MEs3kd3juiyCUkAVEjQFBkTtzk1Ps1pkC
185.25.51.173-20200915.json,3Jvm2D4t3H1TThkBHY5C7pvDMHFEe9YJTH
185.25.51.173-20200915.json,1C2cBU7ATosgKihTmTRK47E5Er6bcxknhm
185.25.51.173-20200915.json,173h1TRFSkkE8u2vfCeQV4Zu28kga2Qwqf
185.25.51.173-20200915.json,143SvQezdaCGK5nx2jZEHKCBKrMZ27CTEy
185.25.51.173-20200915.json,3Fpks2Ho8jHudPfrseXpLBbFkCX6RjED5X
185.25.51.173-20200915.json,187NXfNLMEUNTNSdmDMvc6std2yNWN8Ump
185.25.51.173-20200915.json,3E3TdeayniG9SonKEKgEyEAaF57SC5GJVX
185.25.51.173-20200915.json,1DzKA4B5WQEJtbE1UuegT1bQwkwszeqZB8
185.25.51.173-20200915.json,3Qh1co2goM1CZ533VtvP3SwqJtrgxTK3ue
185.25.51.173-20200915.json,13FtNsxTFADd6AcnQBxhWuNt9Aw4q5y1b2
185.25.51.173-20200915.json,13FtNsxTFADd6AcnQBxhWuNt9Aw4q5y1b2
185.25.51.173-20200915.json,3MEYuZnFi2WWpeYJ3DY9jDMUAthGa3XfYR
185.25.51.173-20200916.json,1AUzquxwEHhpjf1QPu1bHLE6L1jgHUyxie
185.25.51.173-20200916.json,1PemRXvQ5nbDs6q19pCUzfd4kXVGovVoe3
185.25.51.173-20200916.json,1PemRXvQ5nbDs6q19pCUzfd4kXVGovVoe3
185.25.51.173-20200917.json,12yC8MA7p2VwPs1cazWFcgAi3mYVbvS5YU
185.25.51.173-20200917.json,3N7VE59qFYAuReR1zr2rcueXaaUbzFKHud
185.25.51.173-20200918.json,34LyHG8jtKCDZtZDqjqmvFqCnBYUAyUGAa
185.25.51.173-20200918.json,19fDN5tQkpLkMyA3RR9bCj5vH2rpsNoCnW
185.25.51.173-20200918.json,1EZY2exVq9LvbwBaXWPoR7bYhfNRBXC3m5
185.25.51.173-20200921.json,3HZXWcbx1pFzZgfX8Tm38SMRFGrutK9ArG
185.25.51.173-20200921.json,3HZXWcbx1pFzZgfX8Tm38SMRFGrutK9ArG
185.25.51.173-20200922.json,1MePQHgAYUumTF41RMM3htc7dGnz3gv6eh
185.25.51.173-20200922.json,16V75dAXysYmz8dQXJeZMdJrK5NQ8XPLVy
185.25.51.173-20200923.json,36PZ3mg652bnDQUmYWE7gF5gF9h6Amg4iE
185.25.51.173-20200923.json,1NkKgMkX3vud7uo999d8GuExkkwpNwZDYa
185.25.51.173-20200923.json,3CKDfZNUn8fKLJcrsoEzK7ZeJQBXnJPZfg
185.25.51.173-20200923.json,3HZXWcbx1pFzZgfX8Tm38SMRFGrutK9ArG
185.25.51.173-20200923.json,1EZY2exVq9LvbwBaXWPoR7bYhfNRBXC3m5
185.25.51.173-20200924.json,1MME58icHNtCHMPrpN6fnnVR3wkL5ciQSS
185.25.51.173-20200924.json,3CKDfZNUn8fKLJcrsoEzK7ZeJQBXnJPZfg
185.25.51.173-20200925.json,14JaX4ZRiXTSbCiTtSWkXd6ddWz9wjGdKz
185.25.51.173-20200925.json,1KeJsqaD1Son429VgEkeEEobAxSMmLnENy
185.25.51.173-20200925.json,35NDVh7SgTjWXRZh3VAU3eFLdjLDA99d8k
185.25.51.173-20200925.json,1KeJsqaD1Son429VgEkeEEobAxSMmLnENy
185.25.51.173-20200926.json,35NDVh7SgTjWXRZh3VAU3eFLdjLDA99d8k
185.25.51.173-20200928.json,18G8Swgw8Z2xCJ1S5B26qkwAgWNpHQ5ZqU
185.25.51.173-20200928.json,3N4oho2uXfkFBfUAPtoPGLUXjHXqXV4vrJ
185.25.51.173-20200928.json,18G8Swgw8Z2xCJ1S5B26qkwAgWNpHQ5ZqU
185.25.51.173-20200928.json,3N4oho2uXfkFBfUAPtoPGLUXjHXqXV4vrJ
185.25.51.173-20200929.json,34uFGA14ToJ4X6mLFJiEsg3uiHdkADExov
185.25.51.173-20200930.json,32qPGiaTs4mKufRybRCEHxbgXYUkA2fVWn
185.25.51.173-20200930.json,3Aw8zuMbQmkXYZeEHLRLQLV9AHwBoKcaD1
185.25.51.173-20200930.json,3DuxjRpmcc3SSkHr5sYQW8wCARuqPjJ8tz
185.25.51.173-20200930.json,1JDj5TuJVAk5FBUHUjXiR6b46o43SuMKg2
185.25.51.173-20200930.json,1JDj5TuJVAk5FBUHUjXiR6b46o43SuMKg2
185.25.51.173-20201001.json,15FYsN3VXGhHL3fw86P5asPnQmGhNbTpez
185.25.51.173-20201001.json,15FYsN3VXGhHL3fw86P5asPnQmGhNbTpez
185.25.51.173-20201001.json,3AXVZRnjqXbrfqQwJx6e4AUyzzG5CchrEx
185.25.51.173-20201001.json,3JHzg3ggxQVZZegcEQeqhXacbRj9ouVd3p
185.25.51.173-20201001.json,3JNZCbgUL7f5uvdu5CUdF1a7xFCE5SCdYA
185.25.51.173-20201001.json,38P7Qtz1hkyJmxYh4XR7gtntz38gaUcAmb
185.25.51.173-20201001.json,1BSNmodCWfrx2HP4uraApCmiGt7BddL4Ji
185.25.51.173-20201001.json,14fg8ASYDoAxYCLpUVqxy7gZZAhwNYLhuw
185.25.51.173-20201001.json,1MAvHymj3kxxyq9HXZjxcfS5NPAVSjDq44
185.25.51.173-20201001.json,1E4Y7w2K2Fyf9YwKtKrR93HzyJVqRhusrv
185.25.51.173-20201001.json,1LPZC6gY3k9AhBhsq3XmyhECRB7jKnPTGE
185.25.51.173-20201001.json,1LPZC6gY3k9AhBhsq3XmyhECRB7jKnPTGE
185.25.51.173-20201001.json,1EvRYmtVQomEaXCo87Fb9Cye2pvA7oucE2
185.25.51.173-20201001.json,1EvRYmtVQomEaXCo87Fb9Cye2pvA7oucE2
185.25.51.173-20201001.json,17LhzVehReBhCV2p7ZhRR2A5ZDvTnEWANB
185.25.51.173-20201002.json,13AC5SnjWXFGMDXz1S6mJvV7uTAyyhzCvM
185.25.51.173-20201002.json,13AC5SnjWXFGMDXz1S6mJvV7uTAyyhzCvM
185.25.51.173-20201002.json,15FYsN3VXGhHL3fw86P5asPnQmGhNbTpez
185.25.51.173-20201002.json,15FYsN3VXGhHL3fw86P5asPnQmGhNbTpez
185.25.51.173-20201002.json,3NAJwjsd4nKSHLLbaJKZahyrThdN8RBWdU
185.25.51.173-20201002.json,3HtmWv3KuTX5FRxNwDaVXCMxzSY7Pop2Vi
185.25.51.173-20201005.json,1EZY2exVq9LvbwBaXWPoR7bYhfNRBXC3m5
185.25.51.173-20201006.json,3Ksf6hLck5yM8p1CDMHScfoV7C6KsnmkiG
185.25.51.173-20201006.json,3CKDfZNUn8fKLJcrsoEzK7ZeJQBXnJPZfg
185.25.51.173-20201006.json,3CKDfZNUn8fKLJcrsoEzK7ZeJQBXnJPZfg
185.25.51.173-20201007.json,3Ksf6hLck5yM8p1CDMHScfoV7C6KsnmkiG
185.25.51.173-20201008.json,133SH23GYvDqLojtxVVjWiJtqp7TNNVytD
185.25.51.173-20201008.json,133SH23GYvDqLojtxVVjWiJtqp7TNNVytD
185.25.51.173-20201008.json,37SuB5xqWYcqhCVEHJ2BUrWDQaT3MgLvEJ
185.25.51.173-20201008.json,3N4oho2uXfkFBfUAPtoPGLUXjHXqXV4vrJ
185.25.51.173-20201008.json,33cmajNiHUxgUYY7EWS16P3BUnvFMf8MbG
185.25.51.173-20201008.json,33cmajNiHUxgUYY7EWS16P3BUnvFMf8MbG
185.25.51.173-20201009.json,133SH23GYvDqLojtxVVjWiJtqp7TNNVytD
185.25.51.173-20201009.json,3HFTKiYZMLiAKttr7ybCtjKH8Vj6MXYVwz
185.25.51.173-20201009.json,33xPKQo8frvWcfLgbvWmGBjKYkaLPTkjFj
185.25.51.173-20201009.json,3BQ3gskUo42vrL9K4ax493hdqoFamr7ibD
185.25.51.173-20201009.json,153A88YKKZtQTABAcBvvWVq1JDJLYCsgpQ
185.25.51.173-20201009.json,19UNe82ipWkoqfBx35Km1HpJPp29s6qKno
185.25.51.173-20201009.json,19UNe82ipWkoqfBx35Km1HpJPp29s6qKno
185.25.51.173-20201009.json,33cmajNiHUxgUYY7EWS16P3BUnvFMf8MbG
185.25.51.173-20201010.json,3AqLcceApihPbxDraaQX34pxM2HRtBGbv4
185.25.51.173-20201011.json,1EZY2exVq9LvbwBaXWPoR7bYhfNRBXC3m5
185.25.51.173-20201012.json,1EZY2exVq9LvbwBaXWPoR7bYhfNRBXC3m5
185.25.51.173-20201012.json,38ZRG8gZ3PWxPkZim835RMFUX93K3ZW1e2
185.25.51.173-20201012.json,1KzmjUTnct2SH7qkae1DHkUdpXnNndH3wr
185.25.51.173-20201012.json,1KzmjUTnct2SH7qkae1DHkUdpXnNndH3wr
185.25.51.173-20201012.json,377zqbhsYdX9TCGNxPxaJg3n2kRaNo8Px3
185.25.51.173-20201013.json,15XzZs5r6sMnk9rhj38E3pg7Y6Xy9ykqHV
185.25.51.173-20201014.json,1DJTfqBr4TGSTQD1ncfxU41oK48B9L4PqF
185.25.51.173-20201014.json,1BYjQdM56naVj1YkzGVK6dJ9Zp3auVsWkb
185.25.51.173-20201014.json,1BYjQdM56naVj1YkzGVK6dJ9Zp3auVsWkb
185.25.51.173-20201016.json,14RHSVVAX9TtCtkU9JdQMsoNYq5sn2Q1vJ
185.25.51.173-20201016.json,3L8QboSkCn24UtEeqMpgbciewHvkF9swq5
185.25.51.173-20201016.json,381NAC7C5h64gi5EUGiRGWdmLtXe3v831u
185.25.51.173-20201016.json,3C52XpqdAVn6ZweoM8Ab49snNhDLgptxTS
185.25.51.173-20201016.json,32yXxyDJfGnmpDWeVTMjZc4oKz6qBa17rn
185.25.51.173-20201016.json,3MvuPBgSbXv7Yo5M8eqaSAE7PR9D4Mqv5A
185.25.51.173-20201016.json,39kAtmpMgxK5F46KATkcqEqNWTVab46Ndd
185.25.51.173-20201016.json,1BwwR5Fk3rSQ56mp74RURfreHpjTAUxrUj
185.25.51.173-20201016.json,14npSBPNjAikgQv3xjMKxpGgoxF9Gq2Thf
185.25.51.173-20201016.json,19SZvbUxo21MzPAwYC6My5LRhHNVPPfVKp
185.25.51.173-20201016.json,3NSEweEhnhtXg2bQxgd5DEwact7fMhi1oe
185.25.51.173-20201016.json,3MADbvgE322UikH4yMf6duW7qFWrFuM1fz
185.25.51.173-20201016.json,364MJKqtDbNnh5DwCHKuB6FJ6a3mWeeZzf
185.25.51.173-20201016.json,36o4PsUnv7oZSBQPzb8Lvdt7g2heMHppUf
185.25.51.173-20201016.json,3MEYuZnFi2WWpeYJ3DY9jDMUAthGa3XfYR
185.25.51.173-20201019.json,3DErzUUfnDeKdZvUPDESLwZJUQF9Rrozcp
185.25.51.173-20201021.json,3B16DjzdvfGngYjNpoY7N5j9zdkaFzeuZk
185.25.51.173-20201021.json,36SudmmHFYZvvoeMEVBJ8Am25ur9HkUNfB
185.25.51.173-20201021.json,36SudmmHFYZvvoeMEVBJ8Am25ur9HkUNfB
185.25.51.173-20201023.json,1EZY2exVq9LvbwBaXWPoR7bYhfNRBXC3m5
185.25.51.173-20201026.json,13YyGHPWZAn38EDNfhnoZN1G3h61KmPqq7
185.25.51.173-20201026.json,13YyGHPWZAn38EDNfhnoZN1G3h61KmPqq7
185.25.51.173-20201028.json,1EZY2exVq9LvbwBaXWPoR7bYhfNRBXC3m5
185.25.51.173-20201028.json,17hp1afHnovGnm6D7TBjAx8dKqGESP1JbU
185.25.51.173-20201028.json,1EZY2exVq9LvbwBaXWPoR7bYhfNRBXC3m5
185.25.51.173-20201029.json,1d5n71x6Z3G6sQjV1LAKJJSpE8UuhZfwd
185.25.51.173-20201029.json,1d5n71x6Z3G6sQjV1LAKJJSpE8UuhZfwd
185.25.51.173-20201029.json,3BcVNB1MVByP8eiEv9QRwCGyUhERmxHzdX
185.25.51.173-20201029.json,1EZY2exVq9LvbwBaXWPoR7bYhfNRBXC3m5
185.25.51.173-20201029.json,3BcVNB1MVByP8eiEv9QRwCGyUhERmxHzdX
185.25.51.173-20201029.json,1EZY2exVq9LvbwBaXWPoR7bYhfNRBXC3m5
185.25.51.173-20201030.json,1DbPsYbD26JyEdAST4u1bB1ZsioVMyfwgP
185.25.51.173-20201031.json,1EZY2exVq9LvbwBaXWPoR7bYhfNRBXC3m5
185.25.51.173-20201102.json,1paXUSa9exGr4LRZxFaYmmUPcz7QH5Cjo
185.25.51.173-20201102.json,1Q5KzCmiXhtPcmb1ruNC6WX1JXD61mopNA
185.25.51.173-20201102.json,3HcQzvE9s5VmV87W3TGYAGThPLV78FurzL
185.25.51.173-20201102.json,1EZY2exVq9LvbwBaXWPoR7bYhfNRBXC3m5
185.25.51.173-20201102.json,1paXUSa9exGr4LRZxFaYmmUPcz7QH5Cjo
185.25.51.173-20201102.json,1Q5KzCmiXhtPcmb1ruNC6WX1JXD61mopNA
185.25.51.173-20201102.json,1J1Qqf4Tps7dkT11ALDKvxqmPxGC2dYAFm
185.25.51.173-20201102.json,38eeDQ9Q4NJiMJszzzwvaiJZaRx4rZMTpJ
185.25.51.173-20201102.json,3KFU6tmagnHsM4HtBnLdV2BuYHmzeHJkh4
185.25.51.173-20201102.json,1GQ6JVboivqtnVvYn6MfpuAxDsvYQNLaw1
185.25.51.173-20201102.json,3C8pbuUuYxdWdL5hmymir2RvhZvhudfNoN
185.25.51.173-20201102.json,3QuTkJhMqPuDadSRSpdfggZWLT2XvpeKjW
185.25.51.173-20201103.json,3JtdsN1pktYYtVNF8Rd1fMtTE2VKN8HZUi
185.25.51.173-20201103.json,1paXUSa9exGr4LRZxFaYmmUPcz7QH5Cjo
185.25.51.173-20201104.json,1paXUSa9exGr4LRZxFaYmmUPcz7QH5Cjo
185.25.51.173-20201111.json,1G9ibVEXAbTZQGBzwPY92DujkCwecjCB8s
